# Name,      Type, SubType,   Offset,    Size, Flags
# Match the AxeOS/ESP-Miner 16 MB layout so factory and transition installs share offsets.
nvs,         data, nvs,       0x9000,    0x6000
phy_init,    data, phy,       0xf000,    0x1000
factory,     app,  factory,   0x10000,   4M
www,         data, spiffs,    0x410000,  3M
ota_0,       app,  ota_0,     0x710000,  4M
ota_1,       app,  ota_1,     0xb10000,  4M
otadata,     data, ota,       0xf10000,  8k
coredump,    data, coredump,          ,  64K
